{
  "train_loss": [
    3.018357188637192,
    1.7414422193089047,
    1.023445588350296,
    0.6282036844137553,
    0.44391437156780345,
    0.30828199036218024,
    0.23848466921497036,
    0.18917415691791353,
    0.15158434041045807,
    0.1193203791774608,
    0.098360434355768
  ],
  "val_loss": [
    3.1823964059352874,
    2.239214166998863,
    1.661291715502739,
    1.3745590925216675,
    1.2289594858884811,
    1.200949788838625,
    1.1524434387683868,
    1.0987417586147785,
    1.1073752380907536,
    1.117562073841691,
    1.1212303951382636
  ],
  "train_acc": [
    0.14817320703653586,
    0.36096075778078485,
    0.54702300405954,
    0.6708389715832206,
    0.750169147496617,
    0.8009133964817321,
    0.8418470906630582,
    0.8638362652232747,
    0.8878552097428958,
    0.9032476319350473,
    0.9171177266576455
  ],
  "val_acc": [
    0.09865824782951854,
    0.2280978689818469,
    0.345698500394633,
    0.43646408839779005,
    0.5035516969218626,
    0.5272296764009471,
    0.5611681136543015,
    0.5761641673243884,
    0.6132596685082873,
    0.6219415943172849,
    0.6471981057616417
  ]
}