{
  "train_loss": [
    1.6415745300215643,
    0.7695086263321541,
    0.46150261228149003,
    0.28822324992837134,
    0.21976021987360878,
    0.1662464983660627,
    0.13922216638519957,
    0.10978128918119379,
    0.09028333475863612,
    0.07798240194852288,
    0.07124425341702394
  ],
  "val_loss": [
    1.885598361492157,
    1.2854922235012054,
    1.0448365375399589,
    0.9165857791900635,
    0.8434749566018581,
    0.8070464715361595,
    0.8367386788129807,
    0.8062911745160818,
    0.8283277992159128,
    0.8322962999343873,
    0.8244323614984751
  ],
  "train_acc": [
    0.3034506089309878,
    0.5527740189445196,
    0.6840324763193505,
    0.7819688768606224,
    0.834573748308525,
    0.8675575101488497,
    0.8939445196211097,
    0.9106901217861976,
    0.9230378890392422,
    0.9355548037889039,
    0.9436738836265224
  ],
  "val_acc": [
    0.18153117600631413,
    0.35674822415153906,
    0.44277821625887925,
    0.5832675611681136,
    0.6606156274664562,
    0.6716653512233622,
    0.6866614048934491,
    0.7245461720599842,
    0.7537490134175217,
    0.7505919494869772,
    0.7277032359905288
  ]
}