{
  "train_loss": [
    1.6891335938427898,
    0.7924995420752345,
    0.48429094544939094,
    0.30597427724986465,
    0.2225821927189827,
    0.1767502499593271,
    0.12859841552940574,
    0.11149231025294677,
    0.09217156184887564,
    0.08615351536789456
  ],
  "val_loss": [
    1.848176610469818,
    1.3273586794734,
    1.0527696430683136,
    0.9364800684154033,
    0.8869392424821854,
    0.8751366294920444,
    0.8346606887876987,
    0.8893486440181733,
    0.8491134643554688,
    0.8955778710544109
  ],
  "train_acc": [
    0.2931326116373478,
    0.550575101488498,
    0.6764208389715832,
    0.7807848443843031,
    0.8332205683355887,
    0.8660351826792964,
    0.9035859269282814,
    0.912043301759134,
    0.9226995940460081,
    0.9309878213802436
  ],
  "val_acc": [
    0.20836621941594316,
    0.35595895816890294,
    0.4569850039463299,
    0.5777426992896606,
    0.6361483820047356,
    0.6614048934490924,
    0.7134964483030781,
    0.6953433307024467,
    0.7261247040252565,
    0.7300710339384373
  ]
}